{"cameraMode":{"drawMode":0,"name":"Shaded","section":"Shading Mode"},"sceneLighting":true,"audioPlay":false,"sceneViewState":{"m_AlwaysRefresh":false,"showFog":true,"showSkybox":true,"showFlares":true,"showImageEffects":true,"showParticleSystems":true,"showVisualEffectGraphs":true,"m_FxEnabled":false},"in2DMode":false,"pivot":{"x":40.797882080078128,"y":0.5299999713897705,"z":33.211341857910159},"rotation":{"x":-0.27942320704460146,"y":0.43507540225982668,"z":-0.14408744871616364,"w":-0.8437248468399048},"size":1.8874582052230836,"orthographic":false}