{"cameraMode":{"drawMode":0,"name":"Shaded","section":"Shading Mode"},"sceneLighting":false,"audioPlay":false,"sceneViewState":{"m_AlwaysRefresh":false,"showFog":true,"showSkybox":false,"showFlares":true,"showImageEffects":true,"showParticleSystems":true,"showVisualEffectGraphs":true,"m_FxEnabled":false},"in2DMode":false,"pivot":{"x":-0.000026292100301361643,"y":-0.0010749311186373234,"z":0.003247074317187071},"rotation":{"x":-0.15825201570987702,"y":0.7675682902336121,"z":-0.20748166739940644,"w":-0.5854517817497253},"size":2.066626787185669,"orthographic":false}